protein	scaffold	KO	AMG	KO name	KO evalue	KO score	KO v-score	Pfam	Pfam name	Pfam evalue	Pfam score	Pfam v-score	VOG	VOG name	VOG evalue	VOG score	VOG v-score
NZ_KB908456.1 Oceanimonas smirnovii ATCC BAA-899 G364DRAFT_scaffold00003.3, whole genome shotgun sequence_fragment_2_86	NZ_KB908456.1 Oceanimonas smirnovii ATCC BAA-899 G364DRAFT_scaffold00003.3, whole genome shotgun sequence_fragment_2	K04763		xerD; integrase/recombinase XerD	9.900000000000001e-33	110.8	2.87	PF00589.22	Phage integrase family	1.9999999999999998e-25	83.3	9.33	VOG00041	sp|O10330|VLF1_NPVOP Very late expression factor 1	5.5e-51	167.7	10.0
NZ_KB908456.1 Oceanimonas smirnovii ATCC BAA-899 G364DRAFT_scaffold00003.3, whole genome shotgun sequence_fragment_2_87	NZ_KB908456.1 Oceanimonas smirnovii ATCC BAA-899 G364DRAFT_scaffold00003.3, whole genome shotgun sequence_fragment_2																
NZ_KB908456.1 Oceanimonas smirnovii ATCC BAA-899 G364DRAFT_scaffold00003.3, whole genome shotgun sequence_fragment_2_88	NZ_KB908456.1 Oceanimonas smirnovii ATCC BAA-899 G364DRAFT_scaffold00003.3, whole genome shotgun sequence_fragment_2																
NZ_KB908456.1 Oceanimonas smirnovii ATCC BAA-899 G364DRAFT_scaffold00003.3, whole genome shotgun sequence_fragment_2_89	NZ_KB908456.1 Oceanimonas smirnovii ATCC BAA-899 G364DRAFT_scaffold00003.3, whole genome shotgun sequence_fragment_2																
NZ_KB908456.1 Oceanimonas smirnovii ATCC BAA-899 G364DRAFT_scaffold00003.3, whole genome shotgun sequence_fragment_2_90	NZ_KB908456.1 Oceanimonas smirnovii ATCC BAA-899 G364DRAFT_scaffold00003.3, whole genome shotgun sequence_fragment_2	K01356		lexA; repressor LexA [EC:3.4.21.88]	2.4e-12	43.5	2.88						VOG02771	sp|P03034|RPC1_LAMBD Repressor protein cI	1.6e-17	58.2	10.0
NZ_KB908456.1 Oceanimonas smirnovii ATCC BAA-899 G364DRAFT_scaffold00003.3, whole genome shotgun sequence_fragment_2_91	NZ_KB908456.1 Oceanimonas smirnovii ATCC BAA-899 G364DRAFT_scaffold00003.3, whole genome shotgun sequence_fragment_2												VOG03566	sp|P51705|VCOX_BPHC1 Regulatory protein cox	8.1e-19	61.0	0.33
NZ_KB908456.1 Oceanimonas smirnovii ATCC BAA-899 G364DRAFT_scaffold00003.3, whole genome shotgun sequence_fragment_2_92	NZ_KB908456.1 Oceanimonas smirnovii ATCC BAA-899 G364DRAFT_scaffold00003.3, whole genome shotgun sequence_fragment_2							PF06892.11	Phage regulatory protein CII (CP76)	3.7e-57	186.1	1.0	VOG00672	sp|P75976|YMFL_ECOLI Uncharacterized protein YmfL	4.4e-17	56.3	1.28
NZ_KB908456.1 Oceanimonas smirnovii ATCC BAA-899 G364DRAFT_scaffold00003.3, whole genome shotgun sequence_fragment_2_93	NZ_KB908456.1 Oceanimonas smirnovii ATCC BAA-899 G364DRAFT_scaffold00003.3, whole genome shotgun sequence_fragment_2																
NZ_KB908456.1 Oceanimonas smirnovii ATCC BAA-899 G364DRAFT_scaffold00003.3, whole genome shotgun sequence_fragment_2_94	NZ_KB908456.1 Oceanimonas smirnovii ATCC BAA-899 G364DRAFT_scaffold00003.3, whole genome shotgun sequence_fragment_2																
NZ_KB908456.1 Oceanimonas smirnovii ATCC BAA-899 G364DRAFT_scaffold00003.3, whole genome shotgun sequence_fragment_2_95	NZ_KB908456.1 Oceanimonas smirnovii ATCC BAA-899 G364DRAFT_scaffold00003.3, whole genome shotgun sequence_fragment_2																
NZ_KB908456.1 Oceanimonas smirnovii ATCC BAA-899 G364DRAFT_scaffold00003.3, whole genome shotgun sequence_fragment_2_96	NZ_KB908456.1 Oceanimonas smirnovii ATCC BAA-899 G364DRAFT_scaffold00003.3, whole genome shotgun sequence_fragment_2																
NZ_KB908456.1 Oceanimonas smirnovii ATCC BAA-899 G364DRAFT_scaffold00003.3, whole genome shotgun sequence_fragment_2_97	NZ_KB908456.1 Oceanimonas smirnovii ATCC BAA-899 G364DRAFT_scaffold00003.3, whole genome shotgun sequence_fragment_2																
NZ_KB908456.1 Oceanimonas smirnovii ATCC BAA-899 G364DRAFT_scaffold00003.3, whole genome shotgun sequence_fragment_2_98	NZ_KB908456.1 Oceanimonas smirnovii ATCC BAA-899 G364DRAFT_scaffold00003.3, whole genome shotgun sequence_fragment_2																
NZ_KB908456.1 Oceanimonas smirnovii ATCC BAA-899 G364DRAFT_scaffold00003.3, whole genome shotgun sequence_fragment_2_99	NZ_KB908456.1 Oceanimonas smirnovii ATCC BAA-899 G364DRAFT_scaffold00003.3, whole genome shotgun sequence_fragment_2							PF05840.13	Bacteriophage replication gene A protein (GPA)	2.5000000000000002e-89	293.2	1.0	VOG00821	sp|Q9G050|REP_BPPHM Replication-associated protein VP4	2e-127	420.4	10.0
NZ_KB908456.1 Oceanimonas smirnovii ATCC BAA-899 G364DRAFT_scaffold00003.3, whole genome shotgun sequence_fragment_2_100	NZ_KB908456.1 Oceanimonas smirnovii ATCC BAA-899 G364DRAFT_scaffold00003.3, whole genome shotgun sequence_fragment_2							PF08681.11	Protein of unknown function (DUF1778)	2.4e-17	56.5	0					
NZ_KB908456.1 Oceanimonas smirnovii ATCC BAA-899 G364DRAFT_scaffold00003.3, whole genome shotgun sequence_fragment_2_101	NZ_KB908456.1 Oceanimonas smirnovii ATCC BAA-899 G364DRAFT_scaffold00003.3, whole genome shotgun sequence_fragment_2							PF13673.7	Acetyltransferase (GNAT) domain	5.5e-14	46.0	0.03	VOG04435	REFSEQ hypothetical protein	9.6e-20	64.8	0.33
NZ_KB908456.1 Oceanimonas smirnovii ATCC BAA-899 G364DRAFT_scaffold00003.3, whole genome shotgun sequence_fragment_2_102	NZ_KB908456.1 Oceanimonas smirnovii ATCC BAA-899 G364DRAFT_scaffold00003.3, whole genome shotgun sequence_fragment_2																
NZ_KB908456.1 Oceanimonas smirnovii ATCC BAA-899 G364DRAFT_scaffold00003.3, whole genome shotgun sequence_fragment_2_103	NZ_KB908456.1 Oceanimonas smirnovii ATCC BAA-899 G364DRAFT_scaffold00003.3, whole genome shotgun sequence_fragment_2																
NZ_KB908456.1 Oceanimonas smirnovii ATCC BAA-899 G364DRAFT_scaffold00003.3, whole genome shotgun sequence_fragment_2_104	NZ_KB908456.1 Oceanimonas smirnovii ATCC BAA-899 G364DRAFT_scaffold00003.3, whole genome shotgun sequence_fragment_2							PF04606.12	Ogr/Delta-like zinc finger	1.2e-13	44.7	0.3	VOG04625	sp|P08711|VPB_BP186 Late control gene B protein	1.9e-21	69.8	0.9
NZ_KB908456.1 Oceanimonas smirnovii ATCC BAA-899 G364DRAFT_scaffold00003.3, whole genome shotgun sequence_fragment_2_105	NZ_KB908456.1 Oceanimonas smirnovii ATCC BAA-899 G364DRAFT_scaffold00003.3, whole genome shotgun sequence_fragment_2							PF04860.12	Phage portal protein	4.4e-15	49.4	4.78	VOG00236	sp|Q4Z9G3|PORTL_BPTWO Probable portal protein	1.1e-40	134.0	10.0
NZ_KB908456.1 Oceanimonas smirnovii ATCC BAA-899 G364DRAFT_scaffold00003.3, whole genome shotgun sequence_fragment_2_106	NZ_KB908456.1 Oceanimonas smirnovii ATCC BAA-899 G364DRAFT_scaffold00003.3, whole genome shotgun sequence_fragment_2							PF03237.15	Terminase-like family	1e-52	172.7	2.85	VOG15362	"sp|P25479|VPP_BPP2 Terminase, ATPase subunit"	3.5999999999999995e-95	311.9	1.3
NZ_KB908456.1 Oceanimonas smirnovii ATCC BAA-899 G364DRAFT_scaffold00003.3, whole genome shotgun sequence_fragment_2_107	NZ_KB908456.1 Oceanimonas smirnovii ATCC BAA-899 G364DRAFT_scaffold00003.3, whole genome shotgun sequence_fragment_2							PF05929.11	Phage capsid scaffolding protein (GPO) serine peptidase	1.9e-46	152.6	1.0	VOG10261	sp|P25478|SCAF_BPP2 Capsid assembly scaffolding protein	2.9e-70	230.7	1.25
NZ_KB908456.1 Oceanimonas smirnovii ATCC BAA-899 G364DRAFT_scaffold00003.3, whole genome shotgun sequence_fragment_2_108	NZ_KB908456.1 Oceanimonas smirnovii ATCC BAA-899 G364DRAFT_scaffold00003.3, whole genome shotgun sequence_fragment_2							PF05125.12	"Phage major capsid protein, P2 family"	1.6e-107	353.0	1.0	VOG01405	sp|P25477|CAPSD_BPP2 Capsid proteins	2.7e-78	257.0	2.16
NZ_KB908456.1 Oceanimonas smirnovii ATCC BAA-899 G364DRAFT_scaffold00003.3, whole genome shotgun sequence_fragment_2_109	NZ_KB908456.1 Oceanimonas smirnovii ATCC BAA-899 G364DRAFT_scaffold00003.3, whole genome shotgun sequence_fragment_2							PF05944.12	Phage small terminase subunit	5.4e-48	156.1	1.0	VOG10262	"sp|P25476|VPM_BPP2 Terminase, endonuclease subunit"	1.7e-66	217.7	1.24
NZ_KB908456.1 Oceanimonas smirnovii ATCC BAA-899 G364DRAFT_scaffold00003.3, whole genome shotgun sequence_fragment_2_110	NZ_KB908456.1 Oceanimonas smirnovii ATCC BAA-899 G364DRAFT_scaffold00003.3, whole genome shotgun sequence_fragment_2							PF05926.11	Phage head completion protein (GPL)	2.2e-44	144.6	1.0	VOG10263	sp|P25475|VPL_BPP2 Head completion/stabilization protein	1.1e-39	129.6	1.23
NZ_KB908456.1 Oceanimonas smirnovii ATCC BAA-899 G364DRAFT_scaffold00003.3, whole genome shotgun sequence_fragment_2_111	NZ_KB908456.1 Oceanimonas smirnovii ATCC BAA-899 G364DRAFT_scaffold00003.3, whole genome shotgun sequence_fragment_2							PF06891.11	P2 phage tail completion protein R (GpR)	2.4e-28	92.7	1.0	VOG03803	sp|P36933|VPR_BPP2 Tail completion protein R	8.2e-30	97.4	1.23
NZ_KB908456.1 Oceanimonas smirnovii ATCC BAA-899 G364DRAFT_scaffold00003.3, whole genome shotgun sequence_fragment_2_112	NZ_KB908456.1 Oceanimonas smirnovii ATCC BAA-899 G364DRAFT_scaffold00003.3, whole genome shotgun sequence_fragment_2												VOG03710	sp|P51724|YO22_BPHC1 Uncharacterized 26.0 kDa protein in rep-hol intergenic region	7.499999999999999e-55	179.6	0.3
NZ_KB908456.1 Oceanimonas smirnovii ATCC BAA-899 G364DRAFT_scaffold00003.3, whole genome shotgun sequence_fragment_2_113	NZ_KB908456.1 Oceanimonas smirnovii ATCC BAA-899 G364DRAFT_scaffold00003.3, whole genome shotgun sequence_fragment_2							PF10758.9	Protein of unknown function (DUF2586)	7e-177	581.8	0.13	VOG11404	sp|P51725|YO23_BPHC1 Putative tail sheath protein	2.5e-171	563.3	1.0
NZ_KB908456.1 Oceanimonas smirnovii ATCC BAA-899 G364DRAFT_scaffold00003.3, whole genome shotgun sequence_fragment_2_114	NZ_KB908456.1 Oceanimonas smirnovii ATCC BAA-899 G364DRAFT_scaffold00003.3, whole genome shotgun sequence_fragment_2							PF10772.9	Protein of unknown function (DUF2597)	9.3e-63	204.1	0.12	VOG11405	sp|P51726|YO24_BPHC1 Putative tail tube protein	1.5e-73	239.5	1.0
NZ_KB908456.1 Oceanimonas smirnovii ATCC BAA-899 G364DRAFT_scaffold00003.3, whole genome shotgun sequence_fragment_2_115	NZ_KB908456.1 Oceanimonas smirnovii ATCC BAA-899 G364DRAFT_scaffold00003.3, whole genome shotgun sequence_fragment_2							PF01258.17	Prokaryotic dksA/traR C4-type zinc finger	1.1e-15	51.2	0.14	VOG00389	sp|P41039|YBII_ECOLI Uncharacterized protein YbiI	4.3e-20	65.5	4.5
NZ_KB908456.1 Oceanimonas smirnovii ATCC BAA-899 G364DRAFT_scaffold00003.3, whole genome shotgun sequence_fragment_2_116	NZ_KB908456.1 Oceanimonas smirnovii ATCC BAA-899 G364DRAFT_scaffold00003.3, whole genome shotgun sequence_fragment_2							PF05106.12	Phage holin family (Lysis protein S)	1.9999999999999998e-30	99.0	1.0	VOG01571	sp|P03705|HOLIN_LAMBD Antiholin	7.199999999999999e-31	100.5	2.29
NZ_KB908456.1 Oceanimonas smirnovii ATCC BAA-899 G364DRAFT_scaffold00003.3, whole genome shotgun sequence_fragment_2_117	NZ_KB908456.1 Oceanimonas smirnovii ATCC BAA-899 G364DRAFT_scaffold00003.3, whole genome shotgun sequence_fragment_2							PF00959.19	Phage lysozyme	9.1e-14	45.7	3.03	VOG00460	sp|P51771|ENLYS_BPP2 Endolysin	1.9999999999999998e-30	99.7	2.74
NZ_KB908456.1 Oceanimonas smirnovii ATCC BAA-899 G364DRAFT_scaffold00003.3, whole genome shotgun sequence_fragment_2_118	NZ_KB908456.1 Oceanimonas smirnovii ATCC BAA-899 G364DRAFT_scaffold00003.3, whole genome shotgun sequence_fragment_2												VOG00134	"sp|Q8LTD0|SPAN2_BPP2 Probable spanin, outer lipoprotein subunit"	1.3e-15	51.2	0.55
NZ_KB908456.1 Oceanimonas smirnovii ATCC BAA-899 G364DRAFT_scaffold00003.3, whole genome shotgun sequence_fragment_2_119	NZ_KB908456.1 Oceanimonas smirnovii ATCC BAA-899 G364DRAFT_scaffold00003.3, whole genome shotgun sequence_fragment_2							PF10963.8	Phage tail assembly chaperone	5e-36	116.6	1.0	VOG11406	sp|P51730|YO26_BPHC1 Uncharacterized 11.3 kDa protein in lys 3'region	9.799999999999999e-31	99.8	0.17
NZ_KB908456.1 Oceanimonas smirnovii ATCC BAA-899 G364DRAFT_scaffold00003.3, whole genome shotgun sequence_fragment_2_120	NZ_KB908456.1 Oceanimonas smirnovii ATCC BAA-899 G364DRAFT_scaffold00003.3, whole genome shotgun sequence_fragment_2							PF10145.9	Phage-related minor tail protein	1.6e-26	87.2	4.37					
NZ_KB908456.1 Oceanimonas smirnovii ATCC BAA-899 G364DRAFT_scaffold00003.3, whole genome shotgun sequence_fragment_2_121	NZ_KB908456.1 Oceanimonas smirnovii ATCC BAA-899 G364DRAFT_scaffold00003.3, whole genome shotgun sequence_fragment_2							PF10761.9	Protein of unknown function (DUF2590)	1.9e-42	137.3	0.12	VOG11407	sp|P51732|YO28_BPHC1 Uncharacterized 12.7 kDa protein in lys 3'region	7e-47	151.8	0.26
NZ_KB908456.1 Oceanimonas smirnovii ATCC BAA-899 G364DRAFT_scaffold00003.3, whole genome shotgun sequence_fragment_2_122	NZ_KB908456.1 Oceanimonas smirnovii ATCC BAA-899 G364DRAFT_scaffold00003.3, whole genome shotgun sequence_fragment_2							PF04865.14	Baseplate J-like protein	9.999999999999999e-26	84.1	2.88	VOG00243	sp|P51767|BPJ_BPP2 Baseplate protein J	2.3e-48	158.7	10.0
NZ_KB908456.1 Oceanimonas smirnovii ATCC BAA-899 G364DRAFT_scaffold00003.3, whole genome shotgun sequence_fragment_2_123	NZ_KB908456.1 Oceanimonas smirnovii ATCC BAA-899 G364DRAFT_scaffold00003.3, whole genome shotgun sequence_fragment_2												VOG01944	sp|P26701|BPI_BPP2 Baseplate protein I	5.3e-42	137.2	1.87
NZ_KB908456.1 Oceanimonas smirnovii ATCC BAA-899 G364DRAFT_scaffold00003.3, whole genome shotgun sequence_fragment_2_124	NZ_KB908456.1 Oceanimonas smirnovii ATCC BAA-899 G364DRAFT_scaffold00003.3, whole genome shotgun sequence_fragment_2							PF12571.8	Phage tail-collar fibre protein	8e-35	113.9	1.0	VOG12621	REFSEQ putative tail fiber protein	6.4e-64	210.0	1.0
NZ_KB908456.1 Oceanimonas smirnovii ATCC BAA-899 G364DRAFT_scaffold00003.3, whole genome shotgun sequence_fragment_2_125	NZ_KB908456.1 Oceanimonas smirnovii ATCC BAA-899 G364DRAFT_scaffold00003.3, whole genome shotgun sequence_fragment_2							PF14301.6	Domain of unknown function (DUF4376)	1.6000000000000002e-22	73.6	0.23	VOG03442	REFSEQ hypothetical protein	1.2999999999999998e-24	80.5	0.16
NZ_KB908456.1 Oceanimonas smirnovii ATCC BAA-899 G364DRAFT_scaffold00003.3, whole genome shotgun sequence_fragment_2_126	NZ_KB908456.1 Oceanimonas smirnovii ATCC BAA-899 G364DRAFT_scaffold00003.3, whole genome shotgun sequence_fragment_2																
NZ_KB908456.1 Oceanimonas smirnovii ATCC BAA-899 G364DRAFT_scaffold00003.3, whole genome shotgun sequence_fragment_2_127	NZ_KB908456.1 Oceanimonas smirnovii ATCC BAA-899 G364DRAFT_scaffold00003.3, whole genome shotgun sequence_fragment_2												VOG11408	sp|P51737|YO33_BPHC1 Uncharacterized 28.3 kDa protein in lys 3'region	3e-69	227.4	0.2
NZ_KB908456.1 Oceanimonas smirnovii ATCC BAA-899 G364DRAFT_scaffold00003.3, whole genome shotgun sequence_fragment_2_128	NZ_KB908456.1 Oceanimonas smirnovii ATCC BAA-899 G364DRAFT_scaffold00003.3, whole genome shotgun sequence_fragment_2												VOG11409	sp|P51738|YO34_BPHC1 Uncharacterized 20.8 kDa protein in lys 3'region	3.1e-62	203.3	0.26
NZ_KB908455.1 Oceanimonas smirnovii ATCC BAA-899 G364DRAFT_scaffold00002.2, whole genome shotgun sequence_fragment_3_208	NZ_KB908455.1 Oceanimonas smirnovii ATCC BAA-899 G364DRAFT_scaffold00002.2, whole genome shotgun sequence_fragment_3	K21498		higA-1; antitoxin HigA-1	1.3e-27	93.4	0.22										
NZ_KB908455.1 Oceanimonas smirnovii ATCC BAA-899 G364DRAFT_scaffold00002.2, whole genome shotgun sequence_fragment_3_209	NZ_KB908455.1 Oceanimonas smirnovii ATCC BAA-899 G364DRAFT_scaffold00002.2, whole genome shotgun sequence_fragment_3	K01649	AMG	"leuA, IMS; 2-isopropylmalate synthase [EC:2.3.3.13]"	2e-176	584.9	0	PF00682.19	HMGL-like	3.2e-72	237.0	0					
NZ_KB908455.1 Oceanimonas smirnovii ATCC BAA-899 G364DRAFT_scaffold00002.2, whole genome shotgun sequence_fragment_3_210	NZ_KB908455.1 Oceanimonas smirnovii ATCC BAA-899 G364DRAFT_scaffold00002.2, whole genome shotgun sequence_fragment_3	K02855		"rhaS; AraC family transcriptional regulator, L-rhamnose operon regulatory protein RhaS"	3.4e-19	66.0	0.03	PF12833.7	Helix-turn-helix domain	8.2e-20	64.8	0.17					
NZ_KB908455.1 Oceanimonas smirnovii ATCC BAA-899 G364DRAFT_scaffold00002.2, whole genome shotgun sequence_fragment_3_211	NZ_KB908455.1 Oceanimonas smirnovii ATCC BAA-899 G364DRAFT_scaffold00002.2, whole genome shotgun sequence_fragment_3																
NZ_KB908455.1 Oceanimonas smirnovii ATCC BAA-899 G364DRAFT_scaffold00002.2, whole genome shotgun sequence_fragment_3_212	NZ_KB908455.1 Oceanimonas smirnovii ATCC BAA-899 G364DRAFT_scaffold00002.2, whole genome shotgun sequence_fragment_3																
NZ_KB908455.1 Oceanimonas smirnovii ATCC BAA-899 G364DRAFT_scaffold00002.2, whole genome shotgun sequence_fragment_3_213	NZ_KB908455.1 Oceanimonas smirnovii ATCC BAA-899 G364DRAFT_scaffold00002.2, whole genome shotgun sequence_fragment_3																
NZ_KB908455.1 Oceanimonas smirnovii ATCC BAA-899 G364DRAFT_scaffold00002.2, whole genome shotgun sequence_fragment_3_214	NZ_KB908455.1 Oceanimonas smirnovii ATCC BAA-899 G364DRAFT_scaffold00002.2, whole genome shotgun sequence_fragment_3																
NZ_KB908455.1 Oceanimonas smirnovii ATCC BAA-899 G364DRAFT_scaffold00002.2, whole genome shotgun sequence_fragment_3_215	NZ_KB908455.1 Oceanimonas smirnovii ATCC BAA-899 G364DRAFT_scaffold00002.2, whole genome shotgun sequence_fragment_3												VOG01165	REFSEQ hypothetical protein	6.8e-41	134.1	0.52
NZ_KB908455.1 Oceanimonas smirnovii ATCC BAA-899 G364DRAFT_scaffold00002.2, whole genome shotgun sequence_fragment_3_216	NZ_KB908455.1 Oceanimonas smirnovii ATCC BAA-899 G364DRAFT_scaffold00002.2, whole genome shotgun sequence_fragment_3							PF13550.6	Putative phage tail protein	1.9999999999999998e-30	99.6	1.24	VOG00125	sp|Q6QGE9|BPPB3_BPT5 Probable baseplate hub protein	2e-239	791.4	8.23
NZ_KB908455.1 Oceanimonas smirnovii ATCC BAA-899 G364DRAFT_scaffold00002.2, whole genome shotgun sequence_fragment_3_217	NZ_KB908455.1 Oceanimonas smirnovii ATCC BAA-899 G364DRAFT_scaffold00002.2, whole genome shotgun sequence_fragment_3							PF06805.12	Bacteriophage lambda tail assembly protein I	2.8e-12	40.7	1.0	VOG02435	sp|O64334|TIPI_BPN15 Tail tip assembly protein I	4.8999999999999995e-47	153.7	4.29
NZ_KB908455.1 Oceanimonas smirnovii ATCC BAA-899 G364DRAFT_scaffold00002.2, whole genome shotgun sequence_fragment_3_218	NZ_KB908455.1 Oceanimonas smirnovii ATCC BAA-899 G364DRAFT_scaffold00002.2, whole genome shotgun sequence_fragment_3	K21140	AMG	mec; [CysO sulfur-carrier protein]-S-L-cysteine hydrolase [EC:3.13.1.6]	8.7e-17	57.9	0.89	PF00877.19	NlpC/P60 family	8.3e-14	45.4	1.39	VOG01039	sp|O64333|TIPK_BPN15 Tail tip assembly protein K	1.4999999999999999e-55	182.8	4.6
NZ_KB908455.1 Oceanimonas smirnovii ATCC BAA-899 G364DRAFT_scaffold00002.2, whole genome shotgun sequence_fragment_3_219	NZ_KB908455.1 Oceanimonas smirnovii ATCC BAA-899 G364DRAFT_scaffold00002.2, whole genome shotgun sequence_fragment_3							PF05100.12	Phage minor tail protein L	6.299999999999999e-69	225.2	1.09	VOG00644	sp|O64332|TIPL_BPN15 Tail tip protein L	4.1e-69	226.1	4.48
NZ_KB908455.1 Oceanimonas smirnovii ATCC BAA-899 G364DRAFT_scaffold00002.2, whole genome shotgun sequence_fragment_3_220	NZ_KB908455.1 Oceanimonas smirnovii ATCC BAA-899 G364DRAFT_scaffold00002.2, whole genome shotgun sequence_fragment_3							PF05939.13	Phage minor tail protein	5.7e-28	91.3	1.18	VOG01889	sp|O64331|TIPM_BPN15 Tail tip protein M	5.4e-26	85.0	4.25
NZ_KB908455.1 Oceanimonas smirnovii ATCC BAA-899 G364DRAFT_scaffold00002.2, whole genome shotgun sequence_fragment_3_221	NZ_KB908455.1 Oceanimonas smirnovii ATCC BAA-899 G364DRAFT_scaffold00002.2, whole genome shotgun sequence_fragment_3																
NZ_KB908455.1 Oceanimonas smirnovii ATCC BAA-899 G364DRAFT_scaffold00002.2, whole genome shotgun sequence_fragment_3_222	NZ_KB908455.1 Oceanimonas smirnovii ATCC BAA-899 G364DRAFT_scaffold00002.2, whole genome shotgun sequence_fragment_3							PF06223.12	Minor tail protein T	2e-19	63.9	0.1	VOG11458	sp|P03735|GT_LAMBD Tail assembly protein GT	1.4e-18	61.1	1.0
NZ_KB908455.1 Oceanimonas smirnovii ATCC BAA-899 G364DRAFT_scaffold00002.2, whole genome shotgun sequence_fragment_3_223	NZ_KB908455.1 Oceanimonas smirnovii ATCC BAA-899 G364DRAFT_scaffold00002.2, whole genome shotgun sequence_fragment_3																
NZ_KB908455.1 Oceanimonas smirnovii ATCC BAA-899 G364DRAFT_scaffold00002.2, whole genome shotgun sequence_fragment_3_224	NZ_KB908455.1 Oceanimonas smirnovii ATCC BAA-899 G364DRAFT_scaffold00002.2, whole genome shotgun sequence_fragment_3							PF16461.5	"Lambda phage tail tube protein, TTP"	3e-39	127.6	1.0	VOG00149	sp|A9CRB8|TAIL_BPMR1 Putative tail protein	7.8e-16	52.2	5.26
NZ_KB908455.1 Oceanimonas smirnovii ATCC BAA-899 G364DRAFT_scaffold00002.2, whole genome shotgun sequence_fragment_3_225	NZ_KB908455.1 Oceanimonas smirnovii ATCC BAA-899 G364DRAFT_scaffold00002.2, whole genome shotgun sequence_fragment_3																
NZ_KB908455.1 Oceanimonas smirnovii ATCC BAA-899 G364DRAFT_scaffold00002.2, whole genome shotgun sequence_fragment_3_226	NZ_KB908455.1 Oceanimonas smirnovii ATCC BAA-899 G364DRAFT_scaffold00002.2, whole genome shotgun sequence_fragment_3							PF06763.11	Prophage minor tail protein Z (GPZ)	9.999999999999999e-33	107.3	1.0	VOG00959	sp|O64325|COMPL_BPN15 Tail completion protein	1.5999999999999999e-31	103.6	1.36
NZ_KB908455.1 Oceanimonas smirnovii ATCC BAA-899 G364DRAFT_scaffold00002.2, whole genome shotgun sequence_fragment_3_227	NZ_KB908455.1 Oceanimonas smirnovii ATCC BAA-899 G364DRAFT_scaffold00002.2, whole genome shotgun sequence_fragment_3																
NZ_KB908455.1 Oceanimonas smirnovii ATCC BAA-899 G364DRAFT_scaffold00002.2, whole genome shotgun sequence_fragment_3_228	NZ_KB908455.1 Oceanimonas smirnovii ATCC BAA-899 G364DRAFT_scaffold00002.2, whole genome shotgun sequence_fragment_3												VOG02048	REFSEQ hypothetical protein	5.5e-19	62.3	1.55
NZ_KB908455.1 Oceanimonas smirnovii ATCC BAA-899 G364DRAFT_scaffold00002.2, whole genome shotgun sequence_fragment_3_229	NZ_KB908455.1 Oceanimonas smirnovii ATCC BAA-899 G364DRAFT_scaffold00002.2, whole genome shotgun sequence_fragment_3												VOG01099	REFSEQ hypothetical protein	4.1e-16	53.1	0.75
NZ_KB908455.1 Oceanimonas smirnovii ATCC BAA-899 G364DRAFT_scaffold00002.2, whole genome shotgun sequence_fragment_3_230	NZ_KB908455.1 Oceanimonas smirnovii ATCC BAA-899 G364DRAFT_scaffold00002.2, whole genome shotgun sequence_fragment_3	K01358		"clpP, CLPP; ATP-dependent Clp protease, protease subunit [EC:3.4.21.92]"	8.2e-36	120.7	2.48	PF00574.23	Clp protease	1.4e-34	113.3	2.58	VOG00719	sp|A3N1T0|CLPP_ACTP2 ATP-dependent Clp protease proteolytic subunit	2.2e-52	172.7	10.0
NZ_KB908455.1 Oceanimonas smirnovii ATCC BAA-899 G364DRAFT_scaffold00002.2, whole genome shotgun sequence_fragment_3_231	NZ_KB908455.1 Oceanimonas smirnovii ATCC BAA-899 G364DRAFT_scaffold00002.2, whole genome shotgun sequence_fragment_3							PF05136.13	"Phage portal protein, lambda family"	1.7e-83	274.5	1.11	VOG01666	sp|P36272|PORTL_BPP21 Portal protein B	6.800000000000001e-106	348.4	3.18
NZ_KB908455.1 Oceanimonas smirnovii ATCC BAA-899 G364DRAFT_scaffold00002.2, whole genome shotgun sequence_fragment_3_232	NZ_KB908455.1 Oceanimonas smirnovii ATCC BAA-899 G364DRAFT_scaffold00002.2, whole genome shotgun sequence_fragment_3												VOG13570	REFSEQ hypothetical protein	2.1e-24	78.8	0.47
NZ_KB908455.1 Oceanimonas smirnovii ATCC BAA-899 G364DRAFT_scaffold00002.2, whole genome shotgun sequence_fragment_3_233	NZ_KB908455.1 Oceanimonas smirnovii ATCC BAA-899 G364DRAFT_scaffold00002.2, whole genome shotgun sequence_fragment_3	K21512		"gpA; terminase, large subunit [EC:3.1.21.4]"	2.3e-257	852.3	1.08	PF05876.12	Phage terminase large subunit (GpA)	7.799999999999999e-140	460.8	1.74	VOG09810	"sp|P17312|TERL_BPT4 Terminase, large subunit"	2e-18	61.2	10.0
NZ_KB908455.1 Oceanimonas smirnovii ATCC BAA-899 G364DRAFT_scaffold00002.2, whole genome shotgun sequence_fragment_3_234	NZ_KB908455.1 Oceanimonas smirnovii ATCC BAA-899 G364DRAFT_scaffold00002.2, whole genome shotgun sequence_fragment_3	K22014		Nu1; terminase small subunit	5.6e-50	166.2	1.0	PF07471.12	Phage DNA packaging protein Nu1	4.6000000000000004e-30	98.3	1.0	VOG00720	sp|P03707|TERS_LAMBD Terminase small subunit	4.3e-29	95.4	2.11
NZ_KB908455.1 Oceanimonas smirnovii ATCC BAA-899 G364DRAFT_scaffold00002.2, whole genome shotgun sequence_fragment_3_235	NZ_KB908455.1 Oceanimonas smirnovii ATCC BAA-899 G364DRAFT_scaffold00002.2, whole genome shotgun sequence_fragment_3	K14744		rzpD; prophage endopeptidase [EC:3.4.-.-]	1.4000000000000001e-33	112.9	1.01	PF03245.13	Bacteriophage Rz lysis protein	3.2000000000000003e-22	72.8	1.0	VOG01059	"sp|P00726|SPAN1_LAMBD Spanin, inner membrane subunit"	2.1e-34	112.8	6.8
NZ_KB908455.1 Oceanimonas smirnovii ATCC BAA-899 G364DRAFT_scaffold00002.2, whole genome shotgun sequence_fragment_3_236	NZ_KB908455.1 Oceanimonas smirnovii ATCC BAA-899 G364DRAFT_scaffold00002.2, whole genome shotgun sequence_fragment_3	K17733		cwlK; peptidoglycan LD-endopeptidase CwlK [EC:3.4.-.-]	1.5e-27	93.3	1.2	PF13539.6	D-alanyl-D-alanine carboxypeptidase	1.1e-15	51.7	0.57					
NZ_KB908455.1 Oceanimonas smirnovii ATCC BAA-899 G364DRAFT_scaffold00002.2, whole genome shotgun sequence_fragment_3_237	NZ_KB908455.1 Oceanimonas smirnovii ATCC BAA-899 G364DRAFT_scaffold00002.2, whole genome shotgun sequence_fragment_3							PF16083.5	"LydA holin phage, holin superfamily III"	1.0999999999999998e-24	80.2	1.0	VOG00095	sp|Q3T4L9|HOLIN_BPPRD Holin	2.2000000000000004e-28	92.3	1.82
NZ_KB908455.1 Oceanimonas smirnovii ATCC BAA-899 G364DRAFT_scaffold00002.2, whole genome shotgun sequence_fragment_3_238	NZ_KB908455.1 Oceanimonas smirnovii ATCC BAA-899 G364DRAFT_scaffold00002.2, whole genome shotgun sequence_fragment_3							PF08965.10	Domain of unknown function (DUF1870)	2.5000000000000002e-30	98.8	0.01					
NZ_KB908455.1 Oceanimonas smirnovii ATCC BAA-899 G364DRAFT_scaffold00002.2, whole genome shotgun sequence_fragment_3_239	NZ_KB908455.1 Oceanimonas smirnovii ATCC BAA-899 G364DRAFT_scaffold00002.2, whole genome shotgun sequence_fragment_3																
NZ_KB908455.1 Oceanimonas smirnovii ATCC BAA-899 G364DRAFT_scaffold00002.2, whole genome shotgun sequence_fragment_3_240	NZ_KB908455.1 Oceanimonas smirnovii ATCC BAA-899 G364DRAFT_scaffold00002.2, whole genome shotgun sequence_fragment_3							PF06530.12	Phage antitermination protein Q	3.9e-21	69.0	1.0	VOG00605	sp|O48429|REGQ_BPH19 Antitermination protein Q	4.4e-17	55.9	2.38
NZ_KB908455.1 Oceanimonas smirnovii ATCC BAA-899 G364DRAFT_scaffold00002.2, whole genome shotgun sequence_fragment_3_241	NZ_KB908455.1 Oceanimonas smirnovii ATCC BAA-899 G364DRAFT_scaffold00002.2, whole genome shotgun sequence_fragment_3	K01160		rusA; crossover junction endodeoxyribonuclease RusA [EC:3.1.22.4]	1.9e-42	142.1	1.93	PF05866.11	Endodeoxyribonuclease RusA	2.9e-20	66.9	2.13	VOG00098	sp|Q9MCN8|RUSA_BPHK7 Crossover junction endodeoxyribonuclease rusA	3.3e-23	76.5	10.0
NZ_KB908455.1 Oceanimonas smirnovii ATCC BAA-899 G364DRAFT_scaffold00002.2, whole genome shotgun sequence_fragment_3_242	NZ_KB908455.1 Oceanimonas smirnovii ATCC BAA-899 G364DRAFT_scaffold00002.2, whole genome shotgun sequence_fragment_3							PF06147.11	Protein of unknown function (DUF968)	9.1e-54	176.5	0.18	VOG00232	sp|P76162|YDFU_ECOLI Uncharacterized protein YdfU	2.4e-15	49.5	2.92
NZ_KB908455.1 Oceanimonas smirnovii ATCC BAA-899 G364DRAFT_scaffold00002.2, whole genome shotgun sequence_fragment_3_243	NZ_KB908455.1 Oceanimonas smirnovii ATCC BAA-899 G364DRAFT_scaffold00002.2, whole genome shotgun sequence_fragment_3																
NZ_KB908455.1 Oceanimonas smirnovii ATCC BAA-899 G364DRAFT_scaffold00002.2, whole genome shotgun sequence_fragment_3_244	NZ_KB908455.1 Oceanimonas smirnovii ATCC BAA-899 G364DRAFT_scaffold00002.2, whole genome shotgun sequence_fragment_3																
NZ_KB908455.1 Oceanimonas smirnovii ATCC BAA-899 G364DRAFT_scaffold00002.2, whole genome shotgun sequence_fragment_3_245	NZ_KB908455.1 Oceanimonas smirnovii ATCC BAA-899 G364DRAFT_scaffold00002.2, whole genome shotgun sequence_fragment_3																
NZ_KB908455.1 Oceanimonas smirnovii ATCC BAA-899 G364DRAFT_scaffold00002.2, whole genome shotgun sequence_fragment_3_246	NZ_KB908455.1 Oceanimonas smirnovii ATCC BAA-899 G364DRAFT_scaffold00002.2, whole genome shotgun sequence_fragment_3							PF03374.14	Phage antirepressor protein KilAC domain	7.700000000000001e-28	90.8	2.71	VOG00572	sp|P19655|ANT_BPP1 Antirepressor protein 1	2e-20	67.1	6.13
NZ_KB908455.1 Oceanimonas smirnovii ATCC BAA-899 G364DRAFT_scaffold00002.2, whole genome shotgun sequence_fragment_3_247	NZ_KB908455.1 Oceanimonas smirnovii ATCC BAA-899 G364DRAFT_scaffold00002.2, whole genome shotgun sequence_fragment_3																
NZ_KB908455.1 Oceanimonas smirnovii ATCC BAA-899 G364DRAFT_scaffold00002.2, whole genome shotgun sequence_fragment_3_248	NZ_KB908455.1 Oceanimonas smirnovii ATCC BAA-899 G364DRAFT_scaffold00002.2, whole genome shotgun sequence_fragment_3																
NZ_KB908455.1 Oceanimonas smirnovii ATCC BAA-899 G364DRAFT_scaffold00002.2, whole genome shotgun sequence_fragment_3_249	NZ_KB908455.1 Oceanimonas smirnovii ATCC BAA-899 G364DRAFT_scaffold00002.2, whole genome shotgun sequence_fragment_3							PF09524.10	Conserved phage C-terminus (Phg_2220_C)	3.8e-27	88.0	1.0	VOG00974	REFSEQ hypothetical protein	2e-41	136.3	2.31
NZ_KB908455.1 Oceanimonas smirnovii ATCC BAA-899 G364DRAFT_scaffold00002.2, whole genome shotgun sequence_fragment_3_250	NZ_KB908455.1 Oceanimonas smirnovii ATCC BAA-899 G364DRAFT_scaffold00002.2, whole genome shotgun sequence_fragment_3																
NZ_KB908455.1 Oceanimonas smirnovii ATCC BAA-899 G364DRAFT_scaffold00002.2, whole genome shotgun sequence_fragment_3_251	NZ_KB908455.1 Oceanimonas smirnovii ATCC BAA-899 G364DRAFT_scaffold00002.2, whole genome shotgun sequence_fragment_3							PF06892.11	Phage regulatory protein CII (CP76)	3e-17	56.4	1.0	VOG00672	sp|P75976|YMFL_ECOLI Uncharacterized protein YmfL	8.9e-27	87.8	1.28
NZ_KB908455.1 Oceanimonas smirnovii ATCC BAA-899 G364DRAFT_scaffold00002.2, whole genome shotgun sequence_fragment_3_252	NZ_KB908455.1 Oceanimonas smirnovii ATCC BAA-899 G364DRAFT_scaffold00002.2, whole genome shotgun sequence_fragment_3	K22302		dicC; transcriptional repressor of cell division inhibition gene dicB	9.3e-12	41.8	0.24										
NZ_KB908455.1 Oceanimonas smirnovii ATCC BAA-899 G364DRAFT_scaffold00002.2, whole genome shotgun sequence_fragment_3_253	NZ_KB908455.1 Oceanimonas smirnovii ATCC BAA-899 G364DRAFT_scaffold00002.2, whole genome shotgun sequence_fragment_3	K01356		lexA; repressor LexA [EC:3.4.21.88]	6.1e-26	88.1	2.88	PF00717.23	Peptidase S24-like	1.6e-20	66.7	1.35	VOG02771	sp|P03034|RPC1_LAMBD Repressor protein cI	4.6000000000000004e-33	108.7	10.0
NZ_KB908455.1 Oceanimonas smirnovii ATCC BAA-899 G364DRAFT_scaffold00002.2, whole genome shotgun sequence_fragment_3_254	NZ_KB908455.1 Oceanimonas smirnovii ATCC BAA-899 G364DRAFT_scaffold00002.2, whole genome shotgun sequence_fragment_3																
NZ_KB908455.1 Oceanimonas smirnovii ATCC BAA-899 G364DRAFT_scaffold00002.2, whole genome shotgun sequence_fragment_3_255	NZ_KB908455.1 Oceanimonas smirnovii ATCC BAA-899 G364DRAFT_scaffold00002.2, whole genome shotgun sequence_fragment_3							PF11236.8	Protein of unknown function (DUF3037)	4.6e-25	82.2	0					
NZ_KB908455.1 Oceanimonas smirnovii ATCC BAA-899 G364DRAFT_scaffold00002.2, whole genome shotgun sequence_fragment_3_256	NZ_KB908455.1 Oceanimonas smirnovii ATCC BAA-899 G364DRAFT_scaffold00002.2, whole genome shotgun sequence_fragment_3																
NZ_KB908455.1 Oceanimonas smirnovii ATCC BAA-899 G364DRAFT_scaffold00002.2, whole genome shotgun sequence_fragment_3_257	NZ_KB908455.1 Oceanimonas smirnovii ATCC BAA-899 G364DRAFT_scaffold00002.2, whole genome shotgun sequence_fragment_3	K01972		"E6.5.1.2, ligA, ligB; DNA ligase (NAD+) [EC:6.5.1.2]"	1.3e-12	43.5	1.0						VOG21208	REFSEQ hypothetical protein	1.4e-54	178.9	0.1
NZ_KB908455.1 Oceanimonas smirnovii ATCC BAA-899 G364DRAFT_scaffold00002.2, whole genome shotgun sequence_fragment_3_258	NZ_KB908455.1 Oceanimonas smirnovii ATCC BAA-899 G364DRAFT_scaffold00002.2, whole genome shotgun sequence_fragment_3																
NZ_KB908455.1 Oceanimonas smirnovii ATCC BAA-899 G364DRAFT_scaffold00002.2, whole genome shotgun sequence_fragment_3_259	NZ_KB908455.1 Oceanimonas smirnovii ATCC BAA-899 G364DRAFT_scaffold00002.2, whole genome shotgun sequence_fragment_3																
NZ_KB908455.1 Oceanimonas smirnovii ATCC BAA-899 G364DRAFT_scaffold00002.2, whole genome shotgun sequence_fragment_3_260	NZ_KB908455.1 Oceanimonas smirnovii ATCC BAA-899 G364DRAFT_scaffold00002.2, whole genome shotgun sequence_fragment_3	K06921		K06921; uncharacterized protein	4.500000000000001e-28	95.1	0.01										
NZ_KB908455.1 Oceanimonas smirnovii ATCC BAA-899 G364DRAFT_scaffold00002.2, whole genome shotgun sequence_fragment_3_261	NZ_KB908455.1 Oceanimonas smirnovii ATCC BAA-899 G364DRAFT_scaffold00002.2, whole genome shotgun sequence_fragment_3	K03554		rdgC; recombination associated protein RdgC	1.9e-139	461.8	0.54	PF04381.12	"Putative exonuclease, RdgC"	6.000000000000001e-125	410.2	0.5	VOG09852	sp|A7MT92|RDGC_VIBCB Recombination-associated protein RdgC	5.7e-100	328.1	1.87
NZ_KB908455.1 Oceanimonas smirnovii ATCC BAA-899 G364DRAFT_scaffold00002.2, whole genome shotgun sequence_fragment_3_262	NZ_KB908455.1 Oceanimonas smirnovii ATCC BAA-899 G364DRAFT_scaffold00002.2, whole genome shotgun sequence_fragment_3																
NZ_KB908455.1 Oceanimonas smirnovii ATCC BAA-899 G364DRAFT_scaffold00002.2, whole genome shotgun sequence_fragment_3_263	NZ_KB908455.1 Oceanimonas smirnovii ATCC BAA-899 G364DRAFT_scaffold00002.2, whole genome shotgun sequence_fragment_3																
NZ_KB908455.1 Oceanimonas smirnovii ATCC BAA-899 G364DRAFT_scaffold00002.2, whole genome shotgun sequence_fragment_3_264	NZ_KB908455.1 Oceanimonas smirnovii ATCC BAA-899 G364DRAFT_scaffold00002.2, whole genome shotgun sequence_fragment_3							PF12728.7	Helix-turn-helix domain	7.3e-13	42.4	0.29					
NZ_KB908455.1 Oceanimonas smirnovii ATCC BAA-899 G364DRAFT_scaffold00002.2, whole genome shotgun sequence_fragment_3_265	NZ_KB908455.1 Oceanimonas smirnovii ATCC BAA-899 G364DRAFT_scaffold00002.2, whole genome shotgun sequence_fragment_3												VOG10563	REFSEQ hypothetical protein	1.1e-57	189.4	0.44
NZ_KB908455.1 Oceanimonas smirnovii ATCC BAA-899 G364DRAFT_scaffold00002.2, whole genome shotgun sequence_fragment_3_266	NZ_KB908455.1 Oceanimonas smirnovii ATCC BAA-899 G364DRAFT_scaffold00002.2, whole genome shotgun sequence_fragment_3							PF05869.11	DNA N-6-adenine-methyltransferase (Dam)	6.4e-42	136.8	1.65	VOG01116	sp|P51715|YO13_BPHC1 Uncharacterized adenine-specific methylase	2.2e-36	118.9	6.05
NZ_KB908455.1 Oceanimonas smirnovii ATCC BAA-899 G364DRAFT_scaffold00002.2, whole genome shotgun sequence_fragment_3_267	NZ_KB908455.1 Oceanimonas smirnovii ATCC BAA-899 G364DRAFT_scaffold00002.2, whole genome shotgun sequence_fragment_3																
NZ_KB908455.1 Oceanimonas smirnovii ATCC BAA-899 G364DRAFT_scaffold00002.2, whole genome shotgun sequence_fragment_3_268	NZ_KB908455.1 Oceanimonas smirnovii ATCC BAA-899 G364DRAFT_scaffold00002.2, whole genome shotgun sequence_fragment_3	K03111		ssb; single-strand DNA-binding protein	3.5999999999999997e-68	227.5	4.34	PF00436.25	Single-strand binding protein family	2.2e-46	150.1	4.28	VOG00404	sp|P9WGD4|SSB_MYCTO Single-stranded DNA-binding protein	7e-54	175.9	10.0
NZ_KB908455.1 Oceanimonas smirnovii ATCC BAA-899 G364DRAFT_scaffold00002.2, whole genome shotgun sequence_fragment_3_269	NZ_KB908455.1 Oceanimonas smirnovii ATCC BAA-899 G364DRAFT_scaffold00002.2, whole genome shotgun sequence_fragment_3							PF02498.17	"BRO family, N-terminal domain"	2.6e-14	47.5	1.68	VOG00265	sp|P44193|Y1422_HAEIN Uncharacterized protein HI_1422	7.100000000000001e-22	72.0	1.8
NZ_KB908455.1 Oceanimonas smirnovii ATCC BAA-899 G364DRAFT_scaffold00002.2, whole genome shotgun sequence_fragment_3_270	NZ_KB908455.1 Oceanimonas smirnovii ATCC BAA-899 G364DRAFT_scaffold00002.2, whole genome shotgun sequence_fragment_3																
NZ_KB908455.1 Oceanimonas smirnovii ATCC BAA-899 G364DRAFT_scaffold00002.2, whole genome shotgun sequence_fragment_3_271	NZ_KB908455.1 Oceanimonas smirnovii ATCC BAA-899 G364DRAFT_scaffold00002.2, whole genome shotgun sequence_fragment_3																
NZ_KB908455.1 Oceanimonas smirnovii ATCC BAA-899 G364DRAFT_scaffold00002.2, whole genome shotgun sequence_fragment_3_272	NZ_KB908455.1 Oceanimonas smirnovii ATCC BAA-899 G364DRAFT_scaffold00002.2, whole genome shotgun sequence_fragment_3																
NZ_KB908455.1 Oceanimonas smirnovii ATCC BAA-899 G364DRAFT_scaffold00002.2, whole genome shotgun sequence_fragment_3_273	NZ_KB908455.1 Oceanimonas smirnovii ATCC BAA-899 G364DRAFT_scaffold00002.2, whole genome shotgun sequence_fragment_3																
NZ_KB908455.1 Oceanimonas smirnovii ATCC BAA-899 G364DRAFT_scaffold00002.2, whole genome shotgun sequence_fragment_3_274	NZ_KB908455.1 Oceanimonas smirnovii ATCC BAA-899 G364DRAFT_scaffold00002.2, whole genome shotgun sequence_fragment_3	K07733		alpA; prophage regulatory protein	3.8e-20	68.7	1.0	PF05930.12	Prophage CP4-57 regulatory protein (AlpA)	2.1e-16	53.4	1.0					
NZ_KB908455.1 Oceanimonas smirnovii ATCC BAA-899 G364DRAFT_scaffold00002.2, whole genome shotgun sequence_fragment_3_275	NZ_KB908455.1 Oceanimonas smirnovii ATCC BAA-899 G364DRAFT_scaffold00002.2, whole genome shotgun sequence_fragment_3	K14059		int; integrase	9.200000000000001e-33	110.5	7.0	PF00589.22	Phage integrase family	2.8e-25	82.9	9.33	VOG00041	sp|O10330|VLF1_NPVOP Very late expression factor 1	4.8e-60	197.5	10.0
NZ_KB908455.1 Oceanimonas smirnovii ATCC BAA-899 G364DRAFT_scaffold00002.2, whole genome shotgun sequence_fragment_3_276	NZ_KB908455.1 Oceanimonas smirnovii ATCC BAA-899 G364DRAFT_scaffold00002.2, whole genome shotgun sequence_fragment_3	K01951	AMG	"guaA, GMPS; GMP synthase (glutamine-hydrolysing) [EC:6.3.5.2]"	4.0999999999999997e-230	762.0	0.01	PF00958.22	GMP synthase C terminal domain	2.2e-45	146.5	0.01					
NZ_KB908455.1 Oceanimonas smirnovii ATCC BAA-899 G364DRAFT_scaffold00002.2, whole genome shotgun sequence_fragment_3_277	NZ_KB908455.1 Oceanimonas smirnovii ATCC BAA-899 G364DRAFT_scaffold00002.2, whole genome shotgun sequence_fragment_3	K00088		"IMPDH, guaB; IMP dehydrogenase [EC:1.1.1.205]"	6.2e-212	703.4	0.01	PF00478.25	IMP dehydrogenase / GMP reductase domain	6.4000000000000005e-162	532.1	0.1	VOG04273	sp|Q9NJD8|GMPR_ONCVO GMP reductase	1.3000000000000001e-71	235.1	0.31
NZ_KB908455.1 Oceanimonas smirnovii ATCC BAA-899 G364DRAFT_scaffold00002.2, whole genome shotgun sequence_fragment_3_278	NZ_KB908455.1 Oceanimonas smirnovii ATCC BAA-899 G364DRAFT_scaffold00002.2, whole genome shotgun sequence_fragment_3	K03601		xseA; exodeoxyribonuclease VII large subunit [EC:3.1.11.6]	5.3e-172	570.1	0.1	PF02601.15	"Exonuclease VII, large subunit"	4.1e-102	335.6	0.1	VOG18348	sp|Q8FQP1|EX7L_COREF Exodeoxyribonuclease 7 large subunit	1.6e-63	208.8	0.23
