Operon Number,Protein ID,Contig ID,Strand,Protein Length,Start,End,Acr Homolog,Potential Aca,AcaHMM HIT,Pfam,Complete CRISPR-Cas and STSS,Operon in Prophage,Protein Sequence,Contig Length (nt)
OperonNumber-0,NZ_KB908455.1_234,NZ_KB908455.1,-,543,246718,247260,,,,PF07471.15|Phage_Nu1|1.1e-27|CL0123,NZ_KB908465.1|I-F|24354-36273|No_STSS,NZ_KB908455.1:221292-273693,MSDKKKRPEKAQPEPHWLNKKQMAASCGISVQAFDKWGVQPIAKIGTSVYYDARVVIENRLENDRAKQQPGSAEDLDENAIEFQNWRLTKARADAQELDNEKERRSVVETEFSTFALTRIAAEVGSTLDTIPLSMRRRFPELETRHIEYLTREIAKARNLAAGLDAMIPELLDDYLDRTT*,282120.0
OperonNumber-0,NZ_KB908455.1_235,NZ_KB908455.1,-,513,247331,247843,,,,PF07111.15|HCR|0.00043|No_clan;PF03245.16|Phage_lysis|5.3e-20|CL0331,NZ_KB908465.1|I-F|24354-36273|No_STSS,NZ_KB908455.1:221292-273693,MMKALPYVAPAALAALLAWGVEHYRLSAELASVRRDHAEQLLAMEQANAAELARATRKAESLQQQIIQLDEQHTKELSRAQQDNDNLRDAVDAGVKRLRILAKRPASCPVPGTTGDTGLGDGAAVELSAAAGRAYHRLRAGLTSDTAKLQACQTILREISTSKQKGTPEG*,282120.0
OperonNumber-0,NZ_KB908455.1_236,NZ_KB908455.1,-,396,247840,248235,,,,PF13539.9|Peptidase_M15_4|1.8e-13|CL0170,NZ_KB908465.1|I-F|24354-36273|No_STSS,NZ_KB908455.1:221292-273693,MTFRFSKRSEHNLQGVHPDLMAVVRKALALTTVDFMVTEGVRTKERQQELVKRGASQTMNSLHLPQADGYAHAVDLAAWVGGVRWDWPLYHKIAEAMQLAAAELGIPIEWGGDWTSFKDGPHFQLPRGYRA*,282120.0
OperonNumber-0,NZ_KB908455.1_237,NZ_KB908455.1,-,351,248232,248582,,,,PF16083.8|Phage_holin_3_3|4.6e-22|CL0564,NZ_KB908465.1|I-F|24354-36273|No_STSS,NZ_KB908455.1:221292-273693,MPNEKIPLLQRLAEDGGPLWGYLWFILLAVWGGTANYISRARRNKNHVFSAAELMGEWAISGFAGLLSAYICHEMGLSFYATAVTAGIAGHMGGRALFLIEDVIRKRFPVLGEKDK*,282120.0
OperonNumber-0,NZ_KB908455.1_238,NZ_KB908455.1,-,378,248808,249185,,Aca_protein|DUF1870=PF08965.13;HTH_31=PF13560.9;HTH_3=PF01381.25,,,NZ_KB908465.1|I-F|24354-36273|No_STSS,NZ_KB908455.1:221292-273693,MTHYELQALRKLLMLEVSEAAREIGDVSPRSWQYWESGRSPVPDDVANQIRNLTDMRYQLLELRTEQIEKAGKPIQLNFYRTLDDYEAVTGKRDVVSWRLTQAVAATLFAEGDVTLVEQGGLTLE*,282120.0
OperonNumber-0,NZ_KB908455.1_239,NZ_KB908455.1,-,288,249232,249519,AcrIF6,,,,NZ_KB908465.1|I-F|24354-36273|No_STSS,NZ_KB908455.1:221292-273693,MTIYLSNAIENATSIEQVVELINEGTCEGMEGIEFTADILAGQYAWSAAKDFVDSAGMTADDLEAQLEFLSAAGAVFSESVAVDHGLKLAAADTE*,282120.0
OperonNumber-0,NZ_KB908455.1_240,NZ_KB908455.1,-,351,249674,250024,,Aca_protein|Phage_antitermQ=PF06530.15,,,NZ_KB908465.1|I-F|24354-36273|No_STSS,NZ_KB908455.1:221292-273693,MKQVKQLLENWGIWARCRLGTEYAPVAMGMMDAVEWESRTYRGEWNDDIALAVDRAVAELGRFDEELRELMFQHYVCSASVRHLSRVTKVHRERLARDIERGEMWVAARMFELAAR*,282120.0
OperonNumber-0,NZ_KB908455.1_241,NZ_KB908455.1,-,366,250035,250400,,,,PF05866.14|RusA|2.9e-16|No_clan,NZ_KB908465.1|I-F|24354-36273|No_STSS,NZ_KB908455.1:221292-273693,MISLELPWPPSTNQIWRNVAVKGKPRTLLSKSGRDYRALVARTVLAQRGNKQLAGRVRVDVVAQAPDRRARDLDNILKATLDALTHAGVWQDDSQIDRLLVERGEVCKPGRLLVAIHYEQE*,282120.0
OperonNumber-2,NZ_KB908455.1_262,NZ_KB908455.1,+,228,262981,263208,pAcr047369|AcrHub,,,,NZ_KB908465.1|I-F|24354-36273|No_STSS,NZ_KB908455.1:221292-273693,MGSITKTISTEVDVEVEIDLDELSKEELRELGLITGIDLGDPHVEAMVYGLKNGDREAVFQAARNWVRVHSSLCV*,282120.0
OperonNumber-2,NZ_KB908455.1_263,NZ_KB908455.1,+,273,263216,263488,,,,,NZ_KB908465.1|I-F|24354-36273|No_STSS,NZ_KB908455.1:221292-273693,MDRELLTLPKAQINIVAFGEDDELQISLRGVGSIFTWPQFCTLYPPGKTIAHHRLHVESPDSRVVFTMDINDATEAELLTGLLAELNETQ*,282120.0
OperonNumber-2,NZ_KB908455.1_264,NZ_KB908455.1,+,210,263485,263694,,Aca_protein|HTH_17=PF12728.10;MerR_1=PF13411.9,,,NZ_KB908465.1|I-F|24354-36273|No_STSS,NZ_KB908455.1:221292-273693,MSKQRLTAELDANPRFTRKEAAAYLGLAEKTLANWASTGKQKIKYHRCGRKTIYMKADLDAWLENNACN*,282120.0
OperonNumber-3,NZ_KB908455.1_271,NZ_KB908455.1,+,162,267892,268053,pAcr038865|AcrHub,,,,NZ_KB908465.1|I-F|24354-36273|No_STSS,NZ_KB908455.1:221292-273693,MTTNHEQAIQHLEICLGQILEYAPDNEWIMHGNQSVSVAELKEFIATAKQEAQ*,282120.0
OperonNumber-3,NZ_KB908455.1_272,NZ_KB908455.1,+,255,268050,268304,,,,,NZ_KB908465.1|I-F|24354-36273|No_STSS,NZ_KB908455.1:221292-273693,MTETLKPYAGPHAGSLHHVVERDTGRTLRNATALEVRQFAELTNLHSEVRQLRTAMQHIAFITGTHGQDHNATIKAVAELAGPG*,282120.0
OperonNumber-3,NZ_KB908455.1_273,NZ_KB908455.1,+,207,268308,268514,,,,,NZ_KB908465.1|I-F|24354-36273|No_STSS,NZ_KB908455.1:221292-273693,MKVKLIFAGVFATAAMIALFSGMAIMWLIVMWLNFEWIAPELPSWRAVRGTLACWSGLFALFLFVTWD*,282120.0
OperonNumber-3,NZ_KB908455.1_274,NZ_KB908455.1,+,255,268724,268978,,Aca_protein|HTH_17=PF12728.10;Phage_AlpA=PF05930.15,,,NZ_KB908465.1|I-F|24354-36273|No_STSS,NZ_KB908455.1:221292-273693,MKKLIPRHVLRKMIPVADSTIYEWEKNGDFPSRIQLGPRCVMWDQDEVEAWIEQRKQIPAAPEKASNLTKSFRRQGLRRQALAS*,282120.0
OperonNumber-4,NZ_KB908456.1_91,NZ_KB908456.1,+,252,108937,109188,,Aca_protein|HTH_17=PF12728.10,,,NZ_KB908465.1|I-F|24354-36273|No_STSS,NZ_KB908456.1:104465-136966,MTQIAIHFDTPVVSVDRFCELSGMTKATVQRRIEEGRIPVMPKQGKREVVMVNLMALAMLGAEHFKEHVAPRKPGPRSRRPQP*,281558.0
OperonNumber-4,NZ_KB908456.1_92,NZ_KB908456.1,+,537,109228,109764,,,,PF06892.14|Phage_CP76|5.9e-31|No_clan,NZ_KB908465.1|I-F|24354-36273|No_STSS,NZ_KB908456.1:104465-136966,MFKPHLDKYGTEFPHWESAVARFKAAHNQSEVARSIGTQPQLWINKLSPEQNGEPTIKNVIAAARVTGDHTLVHGLLLELDMAGIALPKSNHKGNEQPLTSQALEITATAGELARDAIGAQQAGRVCQQRRDNAVSKATAMMGALALFVHNVESRFHAIPGMTVAMDTLTTSAVPGIS*,281558.0
OperonNumber-4,NZ_KB908456.1_93,NZ_KB908456.1,+,240,109776,110015,,,,,NZ_KB908465.1|I-F|24354-36273|No_STSS,NZ_KB908456.1:104465-136966,MTMINTARLLRVHAPLCTPALRPEVITHRSRPGFIECQDGSWIVLPVQHNRKQRINRRRRLWDWIKQVLGNEATTGGAA*,281558.0
OperonNumber-4,NZ_KB908456.1_94,NZ_KB908456.1,+,420,110012,110431,pAcr054314|AcrHub,,,,NZ_KB908465.1|I-F|24354-36273|No_STSS,NZ_KB908456.1:104465-136966,MTAFHPITQPAGELAINHMRHLLKRCRIASWWSKQPRAVREGLCRAAALKPAAYWSKPLESMNDAEREAIRRAVVELKNALGSFTATNRSEWLHVADYKHPESDEEKMEAKQEAERRHALQQQALMIQQRAEMVKAAQR*,281558.0
OperonNumber-4,NZ_KB908456.1_95,NZ_KB908456.1,+,240,110485,110724,pAcr034386|AcrHub,,,,NZ_KB908465.1|I-F|24354-36273|No_STSS,NZ_KB908456.1:104465-136966,MTQLNAISQVANGYLNEFNRLARQNQAAGMELQTECALEALAEVAHRCGYDALYEEIAERKNSLWLHAPMATITAGGAA*,281558.0
OperonNumber-4,NZ_KB908456.1_96,NZ_KB908456.1,+,255,110721,110975,pAcr044713|AcrHub,,,,NZ_KB908465.1|I-F|24354-36273|No_STSS,NZ_KB908456.1:104465-136966,MTRHMTRSEMDGLLILMLFYEAQRIAAIKDAQFWQRRADESRRAWLLDQAFVEREEAGLWMQDAEKWQQHINDIKARLLETCHD*,281558.0
OperonNumber-4,NZ_KB908456.1_97,NZ_KB908456.1,+,270,110968,111237,,,,,NZ_KB908465.1|I-F|24354-36273|No_STSS,NZ_KB908456.1:104465-136966,MTERELFRRFYRAARLDAQTGIADIELRHVITEDAIDSGFSPATVLQIRAAALNASINAMLPVREPSKQSVAIQTMVFTFGRVTKGVNA*,281558.0
OperonNumber-4,NZ_KB908456.1_98,NZ_KB908456.1,+,237,111234,111470,pAcr063539|AcrHub,,,,NZ_KB908465.1|I-F|24354-36273|No_STSS,NZ_KB908456.1:104465-136966,MKVKDRKLNATDHLRAHWRHWRECFEKKADRARLLLDLGTIRSIYWQALGQGILPVARAISAWWRKTAKLHQLGNTVI*,281558.0
